,tweet_id,age,url,tagged_urls
0,1717294965561413887,20972,https://bit.ly/46F6LNx,NA
1,1717328558660464689,12963,https://twitter.com/butterpeanutstn/status/1717233118615343529,NA
2,1717328558660464689,12963,https://twitter.com/_w4444/status/1716852462110552437,NA
3,1717321155885867421,14728,https://twitter.com/shaheen_306/status/1715788469270638841,NA
4,1717321155885867421,14728,https://twitter.com/shaheen_306/status/1715788469270638841/photo/1,NA
5,1717321155885867421,14728,https://pbs.twimg.com/media/F8-0hLHX0AAUfNk.jpg,NA
6,1717302653863313780,19139,https://twitter.com/DA1LYKRIS/status/1717236078929940541/photo/1,NA
7,1717302653863313780,19139,https://pbs.twimg.com/media/F9TZGjtWUAA0gaW.png,NA
8,1717302653863313780,19139,https://twitter.com/spookygloopz/status/1713208056396267811,NA
9,1717302653863313780,19139,https://pbs.twimg.com/media/F8aJpe3XEAEz_jX.jpg,NA
10,1717302653863313780,19139,https://twitter.com/spookygloopz/status/1713208056396267811/photo/1,NA
11,1717287621733322834,22723,https://twitter.com/PeruginiNic/status/1717225558759666105,NA
12,1717287621733322834,22723,https://pbs.twimg.com/amplify_video_thumb/1717224287944282112/img/jB9qmRtwZ0Y6i0Ft.jpg,NA
13,1717287621733322834,22723,https://twitter.com/qudsn/status/1717224550503530572/video/1,NA
14,1717283126571929981,23795,https://twitter.com/variety/status/1717243375982715268,NA
15,1717283126571929981,23795,https://variety.com/2023/tv/news/sex-on-screen-ucla-study-gen-z-teens-young-adults-1235768046/,variety.com
16,1717353258766008581,7074,https://twitter.com/Lexx__Nova/status/1697276195362980349,NA
17,1717353258766008581,7074,https://twitter.com/Lexx__Nova/status/1695519982715822129,NA
18,1717353258766008581,7074,https://pbs.twimg.com/media/F43vqT-a0AAf749.jpg,NA
19,1717353258766008581,7074,https://twitter.com/Lexx__Nova/status/1697276195362980349/photo/1,NA
20,1717353160740913641,7097,https://twitter.com/AnimatormeO/status/1717198051851296769/photo/1,NA
21,1717353160740913641,7097,https://goo.by/XGWIuk,NA
22,1717353160740913641,7097,https://pbs.twimg.com/media/F9SyNN9WUAA7QYR.jpg,NA
23,1717353160740913641,7097,https://pbs.twimg.com/media/F9SyOF9W4AApTWi.jpg,NA
24,1717353121448657271,7107,https://community.xp-pen.com/gallery/20140,NA
25,1717352929877954561,7152,https://twitter.com/dymitrex_Fox/status/1717228047487979971/photo/1,NA
26,1717352929877954561,7152,https://pbs.twimg.com/media/F9TRztTb0AM1Mim.jpg,NA
27,1717352715788173347,7204,https://twitter.com/NinWire/status/1717059015052783811/photo/1,NA
28,1717352715788173347,7204,https://pbs.twimg.com/media/F9Q4EY0a4AApf77.jpg,NA
29,1717352715788173347,7204,https://www.play-asia.com/super-mario-bros-wonder-plush-smw01-elephant-mario-s/13/70gnwj?tagid=1885967,NA
30,1717352715788173347,7204,https://twitter.com/ninwire/status/1717059015052783811,NA
31,1717352575258009683,7237,https://pbs.twimg.com/media/F9SQqp4WgAAxMQZ.png,NA
32,1717352575258009683,7237,https://twitter.com/spottiestosprey/status/1717156453927002166/photo/1,NA
33,1717351587398500479,7473,https://twitter.com/BlackBernieBabe/status/1716855524644335856/video/1,NA
34,1717351587398500479,7473,https://pbs.twimg.com/ext_tw_video_thumb/1716855385900953601/pu/img/_tIxG9i2OrbhZMk7.jpg,NA
35,1717280998063223005,24302,https://twitter.com/mondoweiss/status/1716605435523080490,NA
36,1717280998063223005,24302,https://bit.ly/47kmVwf,mondoweiss.net
37,1717351270456127673,7548,https://twitter.com/indigothegogo/status/1717307971321962952/video/1,NA
38,1717351270456127673,7548,https://pbs.twimg.com/ext_tw_video_thumb/1717306345492287488/pu/img/kmFsh-8-DbEMWU5W.jpg,NA
39,1717350224295784658,7798,https://pbs.twimg.com/media/F9Ue8vpbQAARYe9.jpg,NA
40,1717350224295784658,7798,https://twitter.com/Eerb_ing/status/1717312868352491949/photo/1,NA
41,1717350172647133377,7810,https://pbs.twimg.com/media/F9S7CJiXMAA4Hqe.jpg,NA
42,1717350172647133377,7810,https://twitter.com/dailyasmodeus/status/1717203007769563565/photo/1,NA
43,1717350056104227061,7838,https://pbs.twimg.com/ext_tw_video_thumb/1717139239052136448/pu/img/CIgqmmzat0HrW4gt.jpg,NA
44,1717350056104227061,7838,https://twitter.com/AriOhLa/status/1717139401866682647/video/1,NA
45,1717349723168784568,7917,https://twitter.com/intokaneshiro/status/1717152274022355395/video/1,NA
46,1717349723168784568,7917,https://pbs.twimg.com/ext_tw_video_thumb/1717152209996300288/pu/img/asvEWHWB4DSOPvjU.jpg,NA
47,1717349073336897783,8072,https://twitter.com/basicbarbiez/status/1717125176880415087/photo/1,NA
48,1717349073336897783,8072,https://pbs.twimg.com/media/F9R0P00XsAAEMWd.jpg,NA
49,1717349073336897783,8072,https://pbs.twimg.com/media/F9R0P01XcAAlEjw.jpg,NA
50,1717348478962032938,8214,https://twitter.com/yanti8ve/status/1717171575613772039/video/1,NA
51,1717348478962032938,8214,https://pbs.twimg.com/ext_tw_video_thumb/1717171550024269824/pu/img/cvPmaVcNYHPh7KWq.jpg,NA
52,1717347856904769868,8362,https://twitter.com/marielightful/status/1717235838319579627/photo/1,NA
53,1717347856904769868,8362,https://pbs.twimg.com/media/F9TY5RqXUAAXO_S.jpg,NA
54,1717347654659645673,8410,https://pbs.twimg.com/media/F9TtQx5WkAAeVld.jpg,NA
55,1717347654659645673,8410,https://twitter.com/artemara_/status/1717258235319591024/photo/1,NA
56,1717347571323289877,8430,https://twitter.com/NinEverything/status/1717347571323289877/photo/1,NA
57,1717347571323289877,8430,https://nintendoeverything.com/pickleball-smash-launch-trailer/,NA
58,1717347571323289877,8430,https://pbs.twimg.com/media/F9U-g8abEAA-_qa.jpg,NA
59,1717347206192120215,8517,https://pbs.twimg.com/media/F9SSUqSXsAA9EIN.jpg,NA
60,1717347206192120215,8517,https://pbs.twimg.com/media/F9SSUdxXsAACwxn.jpg,NA
61,1717347206192120215,8517,https://pbs.twimg.com/media/F9SSUUUXUAAfBAL.jpg,NA
62,1717347206192120215,8517,https://twitter.com/cwnsouls/status/1717158247507837359/photo/1,NA
63,1717345594359042126,8901,https://pbs.twimg.com/media/F9TceCkWkAA-8rn.jpg,NA
64,1717345594359042126,8901,https://twitter.com/MeTTa_71/status/1717239769770447211/photo/1,NA
65,1717345567049908550,8908,https://twitter.com/BluetornadoKDMC/status/1717250279672840227/photo/1,NA
66,1717345567049908550,8908,https://twitter.com/rrawrrart/status/1708203473093685508,NA
67,1717345567049908550,8908,https://pbs.twimg.com/media/F9TkCHKXsAAgC_L.jpg,NA
68,1717345567049908550,8908,https://twitter.com/rrawrrart/status/1708203473093685508/photo/1,NA
69,1717345567049908550,8908,https://pbs.twimg.com/media/F7TCAQTWEAAPwI9.jpg,NA
70,1717345317186568369,8967,https://pbs.twimg.com/media/F9TDqDrbsAAcQ_C.jpg,NA
71,1717345317186568369,8967,https://twitter.com/syokuyoku_max_/status/1717212494761214104/photo/1,NA
72,1717345302976323976,8971,https://twitter.com/NinWire/status/1717345302976323976/photo/1,NA
73,1717345302976323976,8971,https://nintendowire.com/news/2023/10/17/super-mario-bros-wonder-almost-included-an-eight-heads-tall-life-sized-live-action-mario/,NA
74,1717345302976323976,8971,https://pbs.twimg.com/media/F9Tn66ob0AEI0Wc.jpg,NA
75,1717345300786839621,8971,https://twitter.com/peacocktvcare/status/1717338715658265041,NA
76,1717344469656191239,9170,https://pbs.twimg.com/ext_tw_video_thumb/1615399965425008668/pu/img/CphO6953FeU5THI6.jpg,NA
77,1717344469656191239,9170,https://twitter.com/hunieday/status/1615400252848078864/video/1,NA
78,1717342845789778091,9557,https://pbs.twimg.com/ext_tw_video_thumb/1717241899864526848/pu/img/2YpG0VKKQNlwPcT7.jpg,NA
79,1717342845789778091,9557,https://twitter.com/d1edre/status/1717244739546742859/video/1,NA
80,1717340758423007512,10054,https://twitter.com/Illusionism_Art/status/1717334124388630969/photo/1,NA
81,1717340758423007512,10054,https://pbs.twimg.com/media/F9UyPzsXEAAybWd.jpg,NA
82,1717340758423007512,10054,https://pbs.twimg.com/media/F9UyRM1WEAAzVki.jpg,NA
83,1717340758423007512,10054,https://pbs.twimg.com/media/F9UyQkbWYAA9c1A.jpg,NA
84,1717339591374442686,10333,https://pbs.twimg.com/media/F9SxwrzbYAAiDN2.jpg,NA
85,1717339591374442686,10333,https://twitter.com/takapon_o_ji21/status/1717192813727940884/photo/1,NA
86,1717339579441643703,10335,https://twitter.com/TeamSilentHill/status/1717200276426289618/photo/1,NA
87,1717339579441643703,10335,https://pbs.twimg.com/media/F9S4jPeWQAAT0ZO.jpg,NA
88,1717339534457794757,10346,https://twitter.com/RE_Games/status/1717194609565032693/photo/1,NA
89,1717339534457794757,10346,http://bit.ly/RE4DXPS,NA
90,1717339534457794757,10346,https://pbs.twimg.com/media/F9SzZdsWcAAjVb8.jpg,NA
91,1717339251707134116,10414,https://twitter.com/nijisanji_world/status/1717330228429942858,NA
92,1717339251707134116,10414,https://youtu.be/as9Fgn31pkA,youtube.com
93,1717339251707134116,10414,https://twitter.com/i/web/status/1717330228429942858,NA
94,1717339251707134116,10414,https://www.youtube.com/watch?v=H7BroSExQbY,youtube.com
95,1717339251707134116,10414,https://twitter.com/NIJISANJI_World/status/1717330228429942858/video/1,NA
96,1717339251707134116,10414,https://pbs.twimg.com/ext_tw_video_thumb/1717322839098007552/pu/img/YvlAPmIYyKEToYNK.jpg,NA
97,1717335731432046894,11253,https://twitch.tv/tobioiisms,NA
98,1717334507316199681,11545,https://twitter.com/kaisouafuro/status/1717275791648813142/video/1,NA
99,1717334507316199681,11545,https://pbs.twimg.com/ext_tw_video_thumb/1717275476396531712/pu/img/_Ba81VOTUWcUVi2d.jpg,NA
100,1717279436255473738,24675,https://pbs.twimg.com/media/F9TQ0mVb0AIAQ4a.jpg,NA
101,1717279436255473738,24675,https://sevenseasentertainment.com/books/sheep-princess-in-wolfs-clothing-vol-1/,NA
102,1717279436255473738,24675,https://twitter.com/gomanga/status/1717228324010053686/photo/1,NA
103,1717330204082033031,12571,https://nintendowire.com/guides/super-mario-bros-wonder/final-badge/,NA
104,1717330204082033031,12571,https://twitter.com/NinWire/status/1717330204082033031/photo/1,NA
105,1717330204082033031,12571,https://pbs.twimg.com/media/F9Tnlmlb0AECdsQ.jpg,NA
106,1717330093474001281,12597,https://pbs.twimg.com/media/F9TNUhKb0AEbION.jpg,NA
107,1717330093474001281,12597,https://twitter.com/Ayiiiyiii/status/1717224309771718743/photo/1,NA
108,1717329292743282875,12788,https://twitter.com/b0_nesaw/status/1717253566501462364/photo/1,NA
109,1717329292743282875,12788,https://pbs.twimg.com/media/F9To_dSXEAAiFS4.jpg,NA
110,1717329125646434756,12828,https://twitter.com/ranka_pic/status/1553413746218786817/photo/1,NA
111,1717329125646434756,12828,https://pbs.twimg.com/media/FY7Vj_WUYAAGDPb.jpg,NA
112,1717328204061409340,13048,https://pbs.twimg.com/media/F9Us4R2W8AASthK.png,NA
113,1717328204061409340,13048,https://twitter.com/petalxdance/status/1717328204061409340/photo/1,NA
114,1717328034515341684,13088,https://pbs.twimg.com/media/F9Uo40PbwAAnkqw.jpg,NA
115,1717328034515341684,13088,https://twitter.com/LtTibbles/status/1717323791821664410/photo/1,NA
116,1717328034515341684,13088,https://twitter.com/lttibbles/status/1717323791821664410,NA
117,1717325741942095901,13635,https://twitter.com/corndanish/status/1717300214468431906/photo/1,NA
118,1717325741942095901,13635,https://www.twitch.tv/danimatic,NA
119,1717325741942095901,13635,https://pbs.twimg.com/media/F9UQQetWYAAhwwE.png,NA
120,1717325741942095901,13635,https://twitter.com/corndanish/status/1717300214468431906,NA
121,1717325598677467620,13669,https://twitter.com/nannkizum/status/1717325598677467620/photo/1,NA
122,1717325598677467620,13669,https://pbs.twimg.com/media/F9Uqh4pbEAATEbD.jpg,NA
123,1717325291994087640,13742,https://pbs.twimg.com/media/F9UqPkaaQAAnbIM.jpg,NA
124,1717325291994087640,13742,https://twitter.com/hewworeese/status/1717325291994087640/photo/1,NA
125,1717324547307835773,13919,https://twitter.com/754_0711/status/1717073516472991834/photo/1,NA
126,1717324547307835773,13919,https://pbs.twimg.com/media/F9RFQ1_bsAABgsv.jpg,NA
127,1717323942271021338,14064,https://pbs.twimg.com/media/F9TTcZpb0AATxHi.jpg,NA
128,1717323942271021338,14064,https://twitter.com/WithTheWill/status/1717229895531794646/photo/1,NA
129,1717323406905852039,14191,https://twitter.com/WithTheWill/status/1717005594660651027/photo/1,NA
130,1717323406905852039,14191,https://pbs.twimg.com/media/F9QHfDcaQAAUv64.jpg,NA
131,1717323406905852039,14191,https://pbs.twimg.com/media/F9QHfDaakAAhJhh.jpg,NA
132,1717322722752053677,14354,https://twitter.com/mzt_mgmg/status/1717185569565048877/photo/1,NA
133,1717322722752053677,14354,https://pbs.twimg.com/media/F9SrB9zbAAATzfv.jpg,NA
134,1717322052732875073,14514,https://twitter.com/cid_higell/status/1717154512992182470/photo/1,NA
135,1717322052732875073,14514,https://pbs.twimg.com/media/F9SO7gNasAAMoB-.jpg,NA
136,1717321925439918345,14545,https://twitter.com/akisenqi/status/1716816968198873233,NA
137,1717321712843231366,14595,https://twitter.com/akisenqi/status/1716816968198873233,NA
138,1717321712843231366,14595,https://pbs.twimg.com/media/F9SIcNaXEAAbxwC.jpg,NA
139,1717321712843231366,14595,https://twitter.com/Aaronsballss/status/1717147384323375229/photo/1,NA
140,1717321656329187344,14609,https://pbs.twimg.com/media/F3A9iwda8AIhCz2.jpg,NA
141,1717321656329187344,14609,https://pbs.twimg.com/media/F3A9iwTbcAEQv86.jpg,NA
142,1717321656329187344,14609,https://twitter.com/horror4kids/status/1688917535591403523/photo/1,NA
143,1717321511306981836,14643,https://pbs.twimg.com/media/F9Sv46HXgAAP42y.jpg,NA
144,1717321511306981836,14643,https://twitter.com/bbcdoctorwho/status/1717247269014061176/video/1,NA
145,1717321210915123264,14715,https://twitter.com/twittylitt26713/status/1716822554344894590,NA
146,1717319053126336969,15229,https://twitter.com/LunaNoctuArts/status/1717319053126336969/photo/1,NA
147,1717319053126336969,15229,https://pbs.twimg.com/media/F9UkYuDagAA8ICN.jpg,NA
148,1717319053126336969,15229,https://pbs.twimg.com/media/F9UkbBJb0AAauW7.jpg,NA
149,1717318434390675783,15377,https://pbs.twimg.com/media/F9TyhXLWkAEosCP.jpg,NA
150,1717318434390675783,15377,https://pbs.twimg.com/media/F9TyhXHWcAEFe7B.jpg,NA
151,1717318434390675783,15377,https://twitter.com/PkmnShitpost/status/1717264018556014757/photo/1,NA
152,1717318359774105652,15395,https://pbs.twimg.com/media/F9Tt7ofWkAAPMRW.jpg,NA
153,1717318359774105652,15395,https://twitter.com/_mochiwei/status/1717258977602310285/photo/1,NA
154,1717317642627711105,15566,https://pbs.twimg.com/media/F9UjSxqXcAAC0Ir.jpg,NA
155,1717317642627711105,15566,https://pbs.twimg.com/media/F9UjSxqX0AAv-bg.jpg,NA
156,1717317642627711105,15566,https://twitter.com/sanriodaily/status/1717317642627711105/photo/1,NA
157,1717317557630198257,15586,https://twitter.com/Mokiette/status/1717221339772391809/photo/1,NA
158,1717317557630198257,15586,https://pbs.twimg.com/media/F9TLs6db0AAdrAs.jpg,NA
159,1717316927096238373,15736,https://pbs.twimg.com/media/F9S296jbsAA1NlQ.jpg,NA
160,1717316927096238373,15736,https://twitter.com/submin88/status/1717198576898699764/photo/1,NA
161,1717316274341003280,15892,https://twitter.com/jupy314/status/1717272586571366657/photo/1,NA
162,1717316274341003280,15892,https://pbs.twimg.com/media/F9T6UOBaoAANEQM.jpg,NA
163,1717316274341003280,15892,https://pbs.twimg.com/media/F9T6UOBboAA3QDm.jpg,NA
164,1717316240966844499,15900,https://twitter.com/E__hiyori_/status/1717207497671590334/photo/1,NA
165,1717316240966844499,15900,https://pbs.twimg.com/media/F9S_HawakAAD1E2.jpg,NA
166,1717316226869838283,15903,https://twitter.com/gohan_0222/status/1717203771078681048/photo/1,NA
167,1717316226869838283,15903,https://pbs.twimg.com/media/F9S7j4VasAA3Alp.jpg,NA
168,1717298487946264911,20132,https://twitter.com/Nrtonkissr/status/1717269369632248073/photo/1,NA
169,1717298487946264911,20132,https://pbs.twimg.com/media/F9T3Y4kXIAADmmd.jpg,NA
170,1717298487946264911,20132,https://pbs.twimg.com/media/F9T3Y43XIAA-1RU.jpg,NA
171,1717315877476110450,15986,https://twitter.com/spiderzlover/status/1717257489891151874/video/1,NA
172,1717315877476110450,15986,https://pbs.twimg.com/ext_tw_video_thumb/1717257451756515328/pu/img/xuuKc2IcB4NPDf2S.jpg,NA
173,1717315845029089706,15994,https://pbs.twimg.com/media/F9UYEfyWsAAvdsk.jpg,NA
174,1717315845029089706,15994,https://twitter.com/anchrovy/status/1717305307544662343/photo/1,NA
175,1717315106814431678,16170,https://pbs.twimg.com/media/F9TmteJb0AIhc8v.jpg,NA
176,1717315106814431678,16170,https://twitter.com/NinWire/status/1717315106814431678/photo/1,NA
177,1717315106814431678,16170,https://nintendowire.com/news/2023/10/18/original-nintendo-switch-reveal-removed-from-nintendos-youtube-channel-for-unknown-reasons/,NA
178,1717312082402594964,16891,https://pbs.twimg.com/media/F9UePOaWIAAgjX5.jpg,NA
179,1717312082402594964,16891,https://twitter.com/RetroTechDreams/status/1717312082402594964/photo/1,NA
180,1717311456088338629,17041,https://pbs.twimg.com/media/F9UXZUeXsAAF-HX.jpg,NA
181,1717311456088338629,17041,https://twitter.com/signeswan/status/1717304562145468439/photo/1,NA
182,1717310559958233544,17254,https://pbs.twimg.com/media/F9Uc2euWYAAlQXq.jpg,NA
183,1717310559958233544,17254,https://nintendoeverything.com/super-mario-rpg-pre-order-guide/,NA
184,1717310559958233544,17254,https://twitter.com/NinEverything/status/1717310559958233544/photo/1,NA
185,1717310389237731619,17295,https://twitter.com/crocrubies/status/1717277548030169253/photo/1,NA
186,1717310389237731619,17295,https://pbs.twimg.com/media/F9T-1FFagAAtyMJ.jpg,NA
187,1717310389237731619,17295,https://twitter.com/MARIT0SHI/status/1716990459825025353,NA
188,1717310389237731619,17295,https://twitter.com/MARIT0SHI/status/1716990459825025353/photo/1,NA
189,1717310389237731619,17295,https://pbs.twimg.com/media/F9P1915bUAAkrYj.jpg,NA
190,1717310389237731619,17295,https://pbs.twimg.com/media/F9P2BiVa8AAxySw.png,NA
191,1717310355309998562,17303,https://pbs.twimg.com/ext_tw_video_thumb/1717229177772851200/pu/img/v2mBq4ao0OLBCr8P.jpg,NA
192,1717310355309998562,17303,https://twitter.com/monicracar/status/1717229247209918784/video/1,NA
193,1717307107530490142,18077,https://pbs.twimg.com/media/F9UZszqbEAABX8c.jpg,NA
194,1717307107530490142,18077,https://twitter.com/adsk4/status/1717307107530490142/photo/1,NA
195,1717307107530490142,18077,https://pbs.twimg.com/media/F9UZtnxbAAAxrrZ.jpg,NA
196,1717305633077125302,18429,https://sg-public-api.hoyoverse.com/event/social_sea_share/redirectUrl?key=m20230828hy164zhr0g&lang=en-us&game_biz=hkrpg_global&title_key=share_title&url=https%3A%2F%2Fact.hoyoverse.com%2Fsr%2Fevent%2Fe20231025topaz%2Findex.html%3Fhyl_presentation_style%3Dfullscreen%26hyl_landscape%3Dtrue%26hyl_hide_status_bar%3Dtrue%26hyl_auth_required%3Dtrue%26utm_source%3Dshare%26utm_medium%3Dhoyolab%26utm_campaign%3Dapp&img_url=https%3A%2F%2Fact-upload.hoyoverse.com%2Fevent-ugc-review%2F2023%2F10%2F26%2F605050861%2F3bbe848252e9642e6adbb0df23d77c0a_6180810220964052515.jpeg&desc_key=share_desc&timeStamp=5660908,NA
197,1717303993490178115,18820,https://pbs.twimg.com/tweet_video_thumb/F9SWJB6aQAA--R7.jpg,NA
198,1717303993490178115,18820,https://twitter.com/pocketmuqing/status/1717162453468147892/photo/1,NA
199,1717303993490178115,18820,https://pbs.twimg.com/tweet_video_thumb/F9SWD_ubYAAHRu8.jpg,NA
200,1717303993490178115,18820,https://pbs.twimg.com/tweet_video_thumb/F9SWAEpbQAAbNg0.jpg,NA
201,1717303174296371351,19015,https://twitter.com/sanriodaily/status/1717303174296371351/photo/1,NA
202,1717303174296371351,19015,https://pbs.twimg.com/media/F9UWImIWcAAEqDt.jpg,NA
203,1717303174296371351,19015,https://pbs.twimg.com/media/F9UWImJXYAAOa9i.jpg,NA
204,1717303174296371351,19015,https://pbs.twimg.com/media/F9UWImHXAAAQBaD.jpg,NA
205,1717303174296371351,19015,https://pbs.twimg.com/media/F9UWImDXIAAO9jB.jpg,NA
206,1717302108628889978,19269,https://pbs.twimg.com/ext_tw_video_thumb/1717210077479018496/pu/img/xahPZ2qD_SEEvUin.jpg,NA
207,1717302108628889978,19269,https://twitter.com/gabunomi6969/status/1717210089709584478/video/1,NA
208,1717302095341068292,19272,https://twitter.com/kaitlancollins/status/1717245490826272911,NA
209,1717302095341068292,19272,https://pbs.twimg.com/amplify_video_thumb/1717245440201052160/img/Uc8dSJLNKuQwdE9B.jpg,NA
210,1717302095341068292,19272,https://twitter.com/kaitlancollins/status/1717245490826272911/video/1,NA
211,1717301580616360112,19395,https://pbs.twimg.com/media/F9TbxpIb0AIodOv.jpg,NA
212,1717301580616360112,19395,https://twitter.com/azigashimishimi/status/1717239941061923300/photo/1,NA
213,1717300214468431906,19721,https://twitter.com/corndanish/status/1717300214468431906/photo/1,NA
214,1717300214468431906,19721,https://www.twitch.tv/danimatic,NA
215,1717300214468431906,19721,https://pbs.twimg.com/media/F9UQQetWYAAhwwE.png,NA
216,1717300186190676055,19728,https://pbs.twimg.com/media/F9P_895bQAA5FUh.jpg,NA
217,1717300186190676055,19728,https://twitter.com/Gzeidraws/status/1716998201834946898/photo/1,NA
218,1717300186190676055,19728,https://pbs.twimg.com/media/F9P_89ba0AAFyIF.jpg,NA
219,1717300186190676055,19728,https://pbs.twimg.com/media/F9P_8-abEAAAZkA.jpg,NA
220,1717300186190676055,19728,https://pbs.twimg.com/media/F9P_89caIAAIQJy.jpg,NA
221,1717300004300402788,19771,https://twitter.com/NinWire/status/1717300004300402788/photo/1,NA
222,1717300004300402788,19771,https://nintendowire.com/news/2023/10/24/pokemons-dragonite-becomes-an-ambassador-for-japans-fukui-prefecture/,NA
223,1717300004300402788,19771,https://pbs.twimg.com/media/F9TmHs4b0AEirRv.jpg,NA
224,1717299371103101074,19922,https://pbs.twimg.com/media/F9TtTxcWEAA6e9U.jpg,NA
225,1717299371103101074,19922,https://twitter.com/passionbootys/status/1717258287651950932/photo/1,NA
226,1717298930671591883,20027,https://twitter.com/withhualian/status/1717022672214004222/photo/1,NA
227,1717298930671591883,20027,https://pbs.twimg.com/media/F9QXBWVaoAADzQJ.jpg,NA
228,1717298930671591883,20027,https://pbs.twimg.com/media/F9QXBBpaAAAd1a4.jpg,NA
229,1717288436393025550,22529,https://pbs.twimg.com/media/F9T8rd8WkAA_jdh.jpg,NA
230,1717288436393025550,22529,https://twitter.com/Quantum_Error/status/1717275186033049859/photo/1,NA
231,1717288436393025550,22529,https://twitter.com/i/web/status/1717275186033049859,NA
232,1717297548468342819,20356,https://pbs.twimg.com/media/F9TMpcmb0AEneuL.jpg,NA
233,1717297548468342819,20356,https://twitter.com/anarogiizu/status/1717222378932261371/photo/1,NA
234,1717296315153977490,20650,https://pbs.twimg.com/ext_tw_video_thumb/1717273858380607489/pu/img/cvhBhh4I63H3zUVY.jpg,NA
235,1717296315153977490,20650,https://twitter.com/valveirony/status/1717273880056787339/video/1,NA
236,1717294849362407656,21000,https://pbs.twimg.com/media/F9UOkI2aAAA-Ne7.jpg,NA
237,1717294849362407656,21000,https://twitter.com/DancingPurge/status/1717294849362407656/photo/1,NA
238,1717291206076498168,21869,https://pbs.twimg.com/media/F9KbuE8WQAAGn0G.jpg,NA
239,1717291206076498168,21869,https://youtube.com/live/DF7ujMEEzxo?feature=share,youtube.com
240,1717291206076498168,21869,https://twitter.com/OmySpyYT/status/1716606362346487815/photo/1,NA
241,1717291206076498168,21869,https://pbs.twimg.com/media/F9KbuEYXMAA2A4t.jpg,NA
242,1717291206076498168,21869,https://youtube.com/live/Liuq4KS3U54?feature=share,youtube.com
243,1717290112180977881,22129,https://twitter.com/beltrew/status/1717247691455971742,NA
244,1717290112180977881,22129,https://www.independent.co.uk/news/world/middle-east/israel-gaza-un-palestine-hamas-b2436006.html,NA
245,1717290069424255375,22140,https://twitter.com/Yasser_Gaza/status/1717219440251560356/video/1,NA
246,1717290069424255375,22140,https://pbs.twimg.com/amplify_video_thumb/1717219382420500480/img/UEFtSkbxzFVQ9jJN.jpg,NA
247,1717289622328266873,22246,https://twitter.com/nihiinn/status/1714191001332465920,NA
248,1717289622328266873,22246,https://pbs.twimg.com/media/F8oHoGDXIAEQHqm.jpg,NA
249,1717289622328266873,22246,https://twitter.com/nihiinn/status/1714191001332465920/photo/1,NA
250,1717288583613276406,22494,https://pbs.twimg.com/ext_tw_video_thumb/1717285567191482368/pu/img/OHBFsC1UizU4y1K_.jpg,NA
251,1717288583613276406,22494,https://twitter.com/RoamingTuna/status/1717285587613594024/video/1,NA
252,1717285896209281049,23135,https://pbs.twimg.com/media/F9Td5AZWAAAuV9X.jpg,NA
253,1717285896209281049,23135,https://pbs.twimg.com/media/F9Td4-0WAAAp613.jpg,NA
254,1717285896209281049,23135,https://pbs.twimg.com/media/F9Td4-dXwAAloYq.jpg,NA
255,1717285896209281049,23135,https://twitter.com/nohc__/status/1717241384610984414/photo/1,NA
256,1717285896209281049,23135,https://pbs.twimg.com/media/F9Td4_XWUAAtBh8.jpg,NA
257,1717285251981205738,23288,https://twitter.com/LunaNoctuArts/status/1717285251981205738/photo/1,NA
258,1717285251981205738,23288,https://pbs.twimg.com/media/F9UFTkfbEAAZhWW.jpg,NA
259,1717285251981205738,23288,https://pbs.twimg.com/media/F9UFeIcasAAjNd9.jpg,NA
260,1717284899663597657,23372,https://pbs.twimg.com/media/F9TlhDZakAACsIa.jpg,NA
261,1717284899663597657,23372,https://nintendowire.com/guides/super-mario-rpg/pre-orders/,NA
262,1717284899663597657,23372,https://twitter.com/NinWire/status/1717284899663597657/photo/1,NA
263,1717284899663597657,23372,https://amzn.to/3S7KmEA,NA
264,1717284745862652160,23409,https://twitter.com/suyapipi_/status/1717218684945772666/photo/1,NA
265,1717284745862652160,23409,https://pbs.twimg.com/media/F9TJSt1aMAAasaD.jpg,NA
266,1717277609342701846,25110,https://twitter.com/NinEverything/status/1717277609342701846/photo/1,NA
267,1717277609342701846,25110,https://nintendoeverything.com/sonic-superstars-review-nintendo-switch/,NA
268,1717277609342701846,25110,https://pbs.twimg.com/media/F9T-4mdaAAAEENB.jpg,NA
269,1717276213612314970,25443,https://twitter.com/sanriodaily/status/1717276213612314970/photo/1,NA
270,1717276213612314970,25443,https://pbs.twimg.com/media/F9T9nRzXkAAcWjv.jpg,NA
271,1717275995542089729,25495,https://pbs.twimg.com/media/F9T9WYBW0AEm6-h.png,NA
272,1717275995542089729,25495,https://twitter.com/WebDesignMuseum/status/1717275995542089729/photo/1,NA
273,1717275931436552446,25510,https://pbs.twimg.com/ext_tw_video_thumb/1697710876818616320/pu/img/9bst67q7g-VryYog.jpg,NA
274,1717275931436552446,25510,https://twitter.com/TheeDanniee/status/1697710912642138477/video/1,NA
275,1717275724766425295,25560,https://twitter.com/image_origins/status/1717272316210515979/photo/1,NA
276,1717275724766425295,25560,https://pbs.twimg.com/media/F9S1bIeXgAASmOL.png,NA
277,1717274316922904734,25895,https://twitter.com/saihahas/status/1717273409975914846/photo/1,NA
278,1717274316922904734,25895,https://pbs.twimg.com/media/F9T7EMdW8AAYcRO.jpg,NA
279,1717274316922904734,25895,https://pbs.twimg.com/media/F9T7D6XWgAACm-j.jpg,NA
280,1717273614846927149,26063,https://twitter.com/JawsClawsPaws/status/1716911821750419877/video/1,NA
281,1717273614846927149,26063,https://pbs.twimg.com/ext_tw_video_thumb/1716911745183494144/pu/img/qEe5cu7RVbhhoogq.jpg,NA
282,1717273000423403826,26209,https://pbs.twimg.com/media/F9Syk_cXUAE27Kc.jpg,NA
283,1717273000423403826,26209,https://twitter.com/ghostpotion_art/status/1717193710771859820/photo/1,NA
284,1717272972610920867,26216,https://pbs.twimg.com/media/F9SkNRiaMAERpHv.jpg,NA
285,1717272972610920867,26216,https://twitter.com/p9qx1/status/1717177913295216988/photo/1,NA
286,1717272972610920867,26216,https://pbs.twimg.com/media/F9SkNRobUAAh0l9.jpg,NA
287,1717269802148929732,26972,https://nintendowire.com/news/2023/10/23/mario-rabbids-director-davide-soliani-says-its-too-early-to-tell-if-a-third-title-will-happen/,NA
288,1717269802148929732,26972,https://pbs.twimg.com/media/F9TlI_Ub0AITB_7.jpg,NA
289,1717269802148929732,26972,https://twitter.com/NinWire/status/1717269802148929732/photo/1,NA
290,1717263941909299467,28369,https://twitter.com/shynyn106615/status/1717065824081678730/photo/1,NA
291,1717263941909299467,28369,https://pbs.twimg.com/media/F9Q-L2oboAAwtiZ.jpg,NA
292,1717263941909299467,28369,https://pbs.twimg.com/media/F9Q-L2obIAAiXW5.jpg,NA
293,1717263941909299467,28369,https://pbs.twimg.com/media/F9Q-L2qbwAA2Rlm.jpg,NA
294,1717263911580311731,28376,https://pbs.twimg.com/media/F9Qs44la8AA547g.jpg,NA
295,1717263911580311731,28376,https://pbs.twimg.com/media/F9Qs44maEAAo1WM.jpg,NA
296,1717263911580311731,28376,https://twitter.com/shynyn106615/status/1717047230895722677/photo/1,NA
297,1717263911580311731,28376,https://pbs.twimg.com/media/F9Qs7m7bAAAv97y.jpg,NA
298,1717263911580311731,28376,https://pbs.twimg.com/media/F9Qs44maAAA84mc.jpg,NA
299,1717263101609889959,28569,https://pbs.twimg.com/media/F9SW0MQWcAA8Tyj.jpg,NA
300,1717263101609889959,28569,https://twitter.com/hualianful/status/1717163188381200599/photo/1,NA
301,1717263068780978394,28577,https://twitter.com/withhualian/status/1717163257058988276/video/1,NA
302,1717263068780978394,28577,https://pbs.twimg.com/ext_tw_video_thumb/1717163006352830464/pu/img/aik3vybAVY1AF4lE.jpg,NA
303,1717262506521940272,28711,https://pbs.twimg.com/media/F9SX_hCXkAArmUG.jpg,NA
304,1717262506521940272,28711,https://pbs.twimg.com/media/F9SX_hGXgAAWSuA.jpg,NA
305,1717262506521940272,28711,https://pbs.twimg.com/media/F9SX_g4XEAAXx5z.jpg,NA
306,1717262506521940272,28711,https://pbs.twimg.com/media/F9SX_hHX0AAdxPJ.jpg,NA
307,1717262506521940272,28711,https://twitter.com/gremlinyibito/status/1717164486677696809/photo/1,NA
308,1717262388443959660,28739,https://twitter.com/ggang_gr/status/1717185990014672994/photo/1,NA
309,1717262388443959660,28739,https://pbs.twimg.com/media/F9SrjrWaEAAesu1.jpg,NA
310,1717255590156595613,30360,https://twitter.com/gomanga/status/1717255464587874332/photo/1,NA
311,1717255590156595613,30360,https://sevenseasentertainment.com/2023/10/25/seven-seas-licenses-the-untamed-the-official-artbook-hardcover-based-on-grandmaster-of-demonic-cultivation-mo-dao-zu-shi-by-mo-xiang-tong-xiu-mxtx/,NA
312,1717255590156595613,30360,https://pbs.twimg.com/media/F9Tp2MXakAADh_l.jpg,NA
313,1717262251735110127,28772,https://nintendowire.com/news/2023/10/25/cult-of-the-lamb-is-the-latest-nso-game-trial-for-north-america/,NA
314,1717262251735110127,28772,https://pbs.twimg.com/media/F9ToiBVb0AEQnzK.jpg,NA
315,1717262251735110127,28772,https://twitter.com/NinWire/status/1717262251735110127/photo/1,NA
316,1717261835643113550,28871,https://pbs.twimg.com/ext_tw_video_thumb/1717157327155986432/pu/img/4t5OK5gF8L1ShbH2.jpg,NA
317,1717261835643113550,28871,https://twitter.com/i6gumang/status/1717157393123983509/video/1,NA
318,1717261669947023757,28911,https://pbs.twimg.com/media/F9TEovaakAAin28.jpg,NA
319,1717261669947023757,28911,https://pbs.twimg.com/media/F9TEo9sacAAig2x.jpg,NA
320,1717261669947023757,28911,https://pbs.twimg.com/media/F9TEpf7aoAAb5Qd.jpg,NA
321,1717261669947023757,28911,https://twitter.com/swcozy/status/1717213577709547786/photo/1,NA
322,1717261669947023757,28911,https://pbs.twimg.com/media/F9TEpPcasAA9Xaj.jpg,NA
323,1717260234698154444,29253,https://pbs.twimg.com/media/F9RHXJIX0AAIXJo.jpg,NA
324,1717260234698154444,29253,https://twitter.com/chuanaye/status/1717075826083090606/photo/1,NA
325,1717260234698154444,29253,https://weibo.com/6151652341/4960744670756973,weibo.com
326,1717260234698154444,29253,https://pbs.twimg.com/media/F9RHXJKWsAAmSkE.jpg,NA
327,1717259595775987725,29405,https://twitter.com/adsk4/status/1717259595775987725/photo/1,NA
328,1717259595775987725,29405,https://pbs.twimg.com/media/F9Tuc5Qb0AAzXBc.jpg,NA
329,1717259549424431489,29416,https://twitter.com/chuanaye/status/1717122773380669751/photo/1,NA
330,1717259549424431489,29416,https://pbs.twimg.com/media/F9RyDNoWgAAtmzT.jpg,NA
331,1717255874094235970,30292,https://twitter.com/gomanga/status/1717255464587874332/photo/1,NA
332,1717255874094235970,30292,https://sevenseasentertainment.com/2023/10/25/seven-seas-licenses-the-untamed-the-official-artbook-hardcover-based-on-grandmaster-of-demonic-cultivation-mo-dao-zu-shi-by-mo-xiang-tong-xiu-mxtx/,NA
333,1717255874094235970,30292,https://pbs.twimg.com/media/F9Tp2MXakAADh_l.jpg,NA
334,1717255874094235970,30292,https://twitter.com/gomanga/status/1717255464587874332,NA
335,1717255874094235970,30292,https://pbs.twimg.com/tweet_video_thumb/F9TrHMDXQAAYjVg.jpg,NA
336,1717255874094235970,30292,https://twitter.com/_knshoujo/status/1717255874094235970/photo/1,NA
337,1717255732691980589,30326,https://pbs.twimg.com/ext_tw_video_thumb/1717255515741605888/pu/img/3AmqGZJhsi5bfsDV.jpg,NA
338,1717255732691980589,30326,https://amzn.to/3Qequgr,NA
339,1717255732691980589,30326,https://twitter.com/Nintendeal/status/1717255732691980589/video/1,NA
340,1717255393045348748,30407,https://pbs.twimg.com/media/F9SSoBvWEAAXa3K.jpg,NA
341,1717255393045348748,30407,https://pbs.twimg.com/media/F9SSoBrW0AAAY-r.jpg,NA
342,1717255393045348748,30407,https://twitter.com/ImaginaryCanvas/status/1717158580942422219/photo/1,NA
343,1717255393045348748,30407,https://pbs.twimg.com/media/F9SSoBxWkAASoku.jpg,NA
344,1717255393045348748,30407,https://pbs.twimg.com/media/F9SSoBuXEAAoujr.jpg,NA
345,1717255009581388087,30499,https://amzn.to/46KOnTJ,NA
346,1717255009581388087,30499,https://pbs.twimg.com/media/F9Tp67Jb0AAVfAQ.jpg,NA
347,1717255009581388087,30499,https://twitter.com/Nintendeal/status/1717255009581388087/photo/1,NA
348,1717254704055320736,30571,https://nintendowire.com/news/2023/10/23/splatoon-3s-splatoween-2023-costumes-banner-now-obtainable-for-free/,NA
349,1717254704055320736,30571,https://twitter.com/NinWire/status/1717254704055320736/photo/1,NA
350,1717254704055320736,30571,https://pbs.twimg.com/media/F9TlSG_akAA5pmK.jpg,NA
351,1717253893090881606,30765,https://pbs.twimg.com/media/F9IvdhkWUAADLXh.jpg,NA
352,1717253893090881606,30765,https://twitter.com/Obviouslywaffle/status/1716486595619029114/photo/1,NA
353,1717253893090881606,30765,https://twitter.com/obviouslywaffle/status/1716486595619029114,NA
354,1717253798211600427,30787,https://twitter.com/SockFlower/status/1717205616396320905/photo/1,NA
355,1717253798211600427,30787,https://pbs.twimg.com/media/F9S9ZTEacAAUhst.jpg,NA
356,1717253540417073365,30849,https://twitter.com/G_R_S__/status/1716926056077336599/photo/1,NA
357,1717253540417073365,30849,https://pbs.twimg.com/media/F9O_JjHbQAEg_CH.jpg,NA
358,1717253540417073365,30849,https://twitter.com/g_r_s__/status/1716926056077336599,NA
359,1717253454500941888,30869,https://twitter.com/G_R_S__/status/1716926056077336599/photo/1,NA
360,1717253454500941888,30869,https://pbs.twimg.com/media/F9O_JjHbQAEg_CH.jpg,NA
361,1717253162044711196,30939,https://twitter.com/shiiqingxuans/status/1717172914812846184/photo/1,NA
362,1717253162044711196,30939,https://pbs.twimg.com/media/F9SfqXHXEAI4yNG.jpg,NA
363,1717253162044711196,30939,https://pbs.twimg.com/media/F9SfqkbXIAAHk6w.jpg,NA
364,1717249972264227138,31699,https://twitter.com/Nintendeal/status/1717249972264227138/photo/1,NA
365,1717249972264227138,31699,https://pbs.twimg.com/media/F9TllAIakAEqCBC.jpg,NA
366,1717249972264227138,31699,https://pbs.twimg.com/media/F9TljpEb0AE1Sg9.jpg,NA
367,1717249972264227138,31699,https://bit.ly/3LOK4OP,NA
368,1717249972264227138,31699,https://pbs.twimg.com/media/F9TlkXib0AElDy2.jpg,NA
369,1717248292931678542,32100,https://twitter.com/Ayo_D5/status/1716537340934709565/photo/1,NA
370,1717248292931678542,32100,https://pbs.twimg.com/media/F9JdeTvagAAzY0c.png,NA
371,1717248281275740271,32103,https://pbs.twimg.com/media/F9PSp6XakAEhnZ2.jpg,NA
372,1717248281275740271,32103,https://twitter.com/tont_to/status/1716947506570105160/photo/1,NA
373,1717248249537376616,32110,https://pbs.twimg.com/media/F9QtbnAa4AAYPkN.jpg,NA
374,1717248249537376616,32110,https://twitter.com/Ms_HiromaRika/status/1717047312361619788/photo/1,NA
375,1717248249537376616,32110,https://pbs.twimg.com/media/F9QtbZsbMAAKdrK.jpg,NA
376,1717248239064289775,32113,https://twitter.com/N_KuroYami/status/1717099388496146753/photo/1,NA
377,1717248239064289775,32113,https://pbs.twimg.com/media/F9RcmqDaAAATWep.jpg,NA
378,1717248239064289775,32113,https://pbs.twimg.com/media/F9RckpnakAA4cxy.png,NA
379,1717248239064289775,32113,https://pbs.twimg.com/media/F9RclzhaYAArc9f.png,NA
380,1717248226246418580,32116,https://twitter.com/minaduki964/status/1539993773924843520,NA
381,1717248226246418580,32116,https://twitter.com/minaduki964/status/1717066459208356287/photo/1,NA
382,1717248226246418580,32116,https://pbs.twimg.com/media/F9Q-zn0aMAA5Mev.jpg,NA
383,1717248226246418580,32116,https://twitter.com/mndk64/status/1539993773924843520/photo/1,NA
384,1717248226246418580,32116,https://pbs.twimg.com/media/FV8oHksaMAEMMsh.png,NA
385,1717248212635992276,32119,https://twitter.com/amedama094/status/1717199530058567811/photo/1,NA
386,1717248212635992276,32119,https://pbs.twimg.com/media/F9S33s4boAAz6iA.jpg,NA
387,1717248205698498601,32121,https://twitter.com/ablacksunset/status/1717219568437915667/photo/1,NA
388,1717248205698498601,32121,https://pbs.twimg.com/media/F9TJz38XQAAXYXn.jpg,NA
389,1717248122882265289,32140,https://twitter.com/Nintendeal/status/1717248122882265289/photo/1,NA
390,1717248122882265289,32140,https://pbs.twimg.com/media/F9Tj1clb0AAiGor.jpg,NA
391,1717248122882265289,32140,https://bit.ly/3tSE7u0,NA
392,1717248122882265289,32140,https://bit.ly/4770Ssr,NA
393,1717247040302846302,32399,https://pbs.twimg.com/media/F9TVt_yWUAEySHc.jpg,NA
394,1717247040302846302,32399,https://pbs.twimg.com/media/F9TVtrGW0AAhF2s.jpg,NA
395,1717247040302846302,32399,https://twitter.com/i6gumang/status/1717232346406228172/photo/1,NA
396,1717247040302846302,32399,https://pbs.twimg.com/media/F9TVt3LWoAACOPq.jpg,NA
397,1717247040302846302,32399,https://pbs.twimg.com/media/F9TVtcgXAAAhrLk.jpg,NA
398,1717245966141870592,32655,https://twitter.com/Nintendeal/status/1717245966141870592/photo/1,NA
399,1717245966141870592,32655,https://pbs.twimg.com/media/F9Th7teb0AU3jlk.jpg,NA
400,1717245966141870592,32655,https://www.dekudeals.com/items/pui-pui-molcar-lets-molcar-party,NA
401,1717245966141870592,32655,https://pbs.twimg.com/media/F9Th3nIb0AAMN1H.jpg,NA
402,1717245966141870592,32655,https://pbs.twimg.com/media/F9Th6yqaAAAT3d7.jpg,NA
403,1717245842803875960,32684,https://pbs.twimg.com/media/F9TLrttXAAA6ynT.jpg,NA
404,1717245842803875960,32684,https://pbs.twimg.com/media/F9TLqf-WwAAy4p2.jpg,NA
405,1717245842803875960,32684,https://pbs.twimg.com/media/F9TLooqWcAAnRZ2.jpg,NA
406,1717245842803875960,32684,https://pbs.twimg.com/media/F9TLtAQWoAAhVQt.png,NA
407,1717245842803875960,32684,https://twitter.com/cresfeather/status/1717221336353739146/photo/1,NA
408,1717245171748794704,32844,https://pbs.twimg.com/media/F9SmNeLXwAA0p5N.jpg,NA
409,1717245171748794704,32844,https://pbs.twimg.com/media/F9SmMlIWgAAAbpP.jpg,NA
410,1717245171748794704,32844,https://twitter.com/rat_wacky/status/1717180126968815927/photo/1,NA
411,1717245171748794704,32844,https://pbs.twimg.com/media/F9SmODhWMAAF_cz.jpg,NA
412,1717244991100064216,32887,https://pbs.twimg.com/media/F9TLYZCXUAASaQ6.jpg,NA
413,1717244991100064216,32887,https://twitter.com/cresfeather/status/1717221190488461653/photo/1,NA
414,1717244991100064216,32887,https://pbs.twimg.com/media/F9TLWjYWsAANM2M.jpg,NA
415,1717244991100064216,32887,https://pbs.twimg.com/media/F9TLVJ5WsAAHeHz.jpg,NA
416,1717244991100064216,32887,https://pbs.twimg.com/media/F9TLTP9XEAA5Fyr.png,NA
417,1717244542410223778,32994,https://pbs.twimg.com/media/F9TeJ2KXwAAClnv.png,NA
418,1717244542410223778,32994,https://twitter.com/SpiritusLullaby/status/1717241705366208691/photo/1,NA
419,1717241404634943937,33742,https://pbs.twimg.com/media/F9NKZB4W4AAQT30.jpg,NA
420,1717241404634943937,33742,https://twitter.com/AlnaouqA/status/1716797681517924814/photo/1,NA
